name,description,price
E-commerce Development,Online store development and integration,135
Brand Strategy Consulting,Strategic brand positioning and messaging,115
Digital Marketing Campaign,Multi-channel digital marketing campaigns,120
Business Intelligence Dashboard,Custom analytics and reporting dashboards,140
DevOps Implementation,CI/CD pipeline setup and automation,125
Cybersecurity Training,Employee cybersecurity awareness training,55
Voice User Interface Design,Voice-activated application development,160
Blockchain Development,Smart contract and DApp development,180
Machine Learning Consulting,AI/ML model development and integration,165
Technical Documentation,Comprehensive technical writing services,75
Legacy System Modernization,Modernize outdated software systems,155
Performance Optimization,Website and application speed optimization,100
Accessibility Audit,Web accessibility compliance assessment,85
Chatbot Development,Custom chatbot design and implementation,110
IT Infrastructure Assessment,Complete IT infrastructure evaluation,95
